市区町村コード,都道府県,市区町村,団体コード
01000,北海道,,010006
01100,北海道,札幌市,011002
01101,北海道,札幌市中央区,011011
01102,北海道,札幌市北区,011029
01103,北海道,札幌市東区,011037
01104,北海道,札幌市白石区,011045
01105,北海道,札幌市豊平区,011053
01106,北海道,札幌市南区,011061
01107,北海道,札幌市西区,011070
01108,北海道,札幌市厚別区,011088
01109,北海道,札幌市手稲区,011096
01110,北海道,札幌市清田区,011100
01202,北海道,函館市,012025
01203,北海道,小樽市,012033
01204,北海道,旭川市,012041
01205,北海道,室蘭市,012050
01206,北海道,釧路市,012068
01207,北海道,帯広市,012076
01208,北海道,北見市,012084
01209,北海道,夕張市,012092
01210,北海道,岩見沢市,012106
01211,北海道,網走市,012114
01212,北海道,留萌市,012122
01213,北海道,苫小牧市,012131
01214,北海道,稚内市,012149
01215,北海道,美唄市,012157
01216,北海道,芦別市,012165
01217,北海道,江別市,012173
01218,北海道,赤平市,012181
01219,北海道,紋別市,012190
01220,北海道,士別市,012203
01221,北海道,名寄市,012211
01222,北海道,三笠市,012220
01223,北海道,根室市,012238
01224,北海道,千歳市,012246
01225,北海道,滝川市,012254
01226,北海道,砂川市,012262
01227,北海道,歌志内市,012271
01228,北海道,深川市,012289
01229,北海道,富良野市,012297
01230,北海道,登別市,012301
01231,北海道,恵庭市,012319
01233,北海道,伊達市,012335
01234,北海道,北広島市,012343
01235,北海道,石狩市,012351
01236,北海道,北斗市,012360
01303,北海道,当別町,013030
01304,北海道,新篠津村,013048
01331,北海道,松前町,013315
01332,北海道,福島町,013323
01333,北海道,知内町,013331
01334,北海道,木古内町,013340
01337,北海道,七飯町,013374
01343,北海道,鹿部町,013439
01345,北海道,森町,013455
01346,北海道,八雲町,013463
01347,北海道,長万部町,013471
01361,北海道,江差町,013617
01362,北海道,上ノ国町,013625
01363,北海道,厚沢部町,013633
01364,北海道,乙部町,013641
01367,北海道,奥尻町,013676
01370,北海道,今金町,013706
01371,北海道,せたな町,013714
01391,北海道,島牧村,013919
01392,北海道,寿都町,013927
01393,北海道,黒松内町,013935
01394,北海道,蘭越町,013943
01395,北海道,ニセコ町,013951
01396,北海道,真狩村,013960
01397,北海道,留寿都村,013978
01398,北海道,喜茂別町,013986
01399,北海道,京極町,013994
01400,北海道,倶知安町,014001
01401,北海道,共和町,014010
01402,北海道,岩内町,014028
01403,北海道,泊村,014036
01404,北海道,神恵内村,014044
01405,北海道,積丹町,014052
01406,北海道,古平町,014061
01407,北海道,仁木町,014079
01408,北海道,余市町,014087
01409,北海道,赤井川村,014095
01423,北海道,南幌町,014231
01424,北海道,奈井江町,014249
01425,北海道,上砂川町,014257
01427,北海道,由仁町,014273
01428,北海道,長沼町,014281
01429,北海道,栗山町,014290
01430,北海道,月形町,014303
01431,北海道,浦臼町,014311
01432,北海道,新十津川町,014320
01433,北海道,妹背牛町,014338
01434,北海道,秩父別町,014346
01436,北海道,雨竜町,014362
01437,北海道,北竜町,014371
01438,北海道,沼田町,014389
01452,北海道,鷹栖町,014524
01453,北海道,東神楽町,014532
01454,北海道,当麻町,014541
01455,北海道,比布町,014559
01456,北海道,愛別町,014567
01457,北海道,上川町,014575
01458,北海道,東川町,014583
01459,北海道,美瑛町,014591
01460,北海道,上富良野町,014605
01461,北海道,中富良野町,014613
01462,北海道,南富良野町,014621
01463,北海道,占冠村,014630
01464,北海道,和寒町,014648
01465,北海道,剣淵町,014656
01468,北海道,下川町,014681
01469,北海道,美深町,014699
01470,北海道,音威子府村,014702
01471,北海道,中川町,014711
01472,北海道,幌加内町,014729
01481,北海道,増毛町,014818
01482,北海道,小平町,014826
01483,北海道,苫前町,014834
01484,北海道,羽幌町,014842
01485,北海道,初山別村,014851
01486,北海道,遠別町,014869
01487,北海道,天塩町,014877
01511,北海道,猿払村,015113
01512,北海道,浜頓別町,015121
01513,北海道,中頓別町,015130
01514,北海道,枝幸町,015148
01516,北海道,豊富町,015164
01517,北海道,礼文町,015172
01518,北海道,利尻町,015181
01519,北海道,利尻富士町,015199
01520,北海道,幌延町,015202
01543,北海道,美幌町,015431
01544,北海道,津別町,015440
01545,北海道,斜里町,015458
01546,北海道,清里町,015466
01547,北海道,小清水町,015474
01549,北海道,訓子府町,015491
01550,北海道,置戸町,015504
01552,北海道,佐呂間町,015521
01555,北海道,遠軽町,015555
01559,北海道,湧別町,015598
01560,北海道,滝上町,015601
01561,北海道,興部町,015610
01562,北海道,西興部村,015628
01563,北海道,雄武町,015636
01564,北海道,大空町,015644
01571,北海道,豊浦町,015717
01575,北海道,壮瞥町,015750
01578,北海道,白老町,015784
01581,北海道,厚真町,015814
01584,北海道,洞爺湖町,015849
01585,北海道,安平町,015857
01586,北海道,むかわ町,015865
01601,北海道,日高町,016012
01602,北海道,平取町,016021
01604,北海道,新冠町,016047
01607,北海道,浦河町,016071
01608,北海道,様似町,016080
01609,北海道,えりも町,016098
01610,北海道,新ひだか町,016101
01631,北海道,音更町,016314
01632,北海道,士幌町,016322
01633,北海道,上士幌町,016331
01634,北海道,鹿追町,016349
01635,北海道,新得町,016357
01636,北海道,清水町,016365
01637,北海道,芽室町,016373
01638,北海道,中札内村,016381
01639,北海道,更別村,016390
01641,北海道,大樹町,016411
01642,北海道,広尾町,016420
01643,北海道,幕別町,016438
01644,北海道,池田町,016446
01645,北海道,豊頃町,016454
01646,北海道,本別町,016462
01647,北海道,足寄町,016471
01648,北海道,陸別町,016489
01649,北海道,浦幌町,016497
01661,北海道,釧路町,016616
01662,北海道,厚岸町,016624
01663,北海道,浜中町,016632
01664,北海道,標茶町,016641
01665,北海道,弟子屈町,016659
01667,北海道,鶴居村,016675
01668,北海道,白糠町,016683
01691,北海道,別海町,016918
01692,北海道,中標津町,016926
01693,北海道,標津町,016934
01694,北海道,羅臼町,016942
01695,北海道,色丹村,016951
01696,北海道,泊村,016969
01697,北海道,留夜別村,016977
01698,北海道,留別村,016985
01699,北海道,紗那村,016993
01700,北海道,蘂取村,017001
02000,青森県,,020001
02201,青森県,青森市,022012
02202,青森県,弘前市,022021
02203,青森県,八戸市,022039
02204,青森県,黒石市,022047
02205,青森県,五所川原市,022055
02206,青森県,十和田市,022063
02207,青森県,三沢市,022071
02208,青森県,むつ市,022080
02209,青森県,つがる市,022098
02210,青森県,平川市,022101
02301,青森県,平内町,023019
02303,青森県,今別町,023035
02304,青森県,蓬田村,023043
02307,青森県,外ヶ浜町,023078
02321,青森県,鰺ヶ沢町,023213
02323,青森県,深浦町,023230
02343,青森県,西目屋村,023434
02361,青森県,藤崎町,023612
02362,青森県,大鰐町,023621
02367,青森県,田舎館村,023671
02381,青森県,板柳町,023817
02384,青森県,鶴田町,023841
02387,青森県,中泊町,023876
02401,青森県,野辺地町,024015
02402,青森県,七戸町,024023
02405,青森県,六戸町,024058
02406,青森県,横浜町,024066
02408,青森県,東北町,024082
02411,青森県,六ヶ所村,024112
02412,青森県,おいらせ町,024121
02423,青森県,大間町,024236
02424,青森県,東通村,024244
02425,青森県,風間浦村,024252
02426,青森県,佐井村,024261
02441,青森県,三戸町,024414
02442,青森県,五戸町,024422
02443,青森県,田子町,024431
02445,青森県,南部町,024457
02446,青森県,階上町,024465
02450,青森県,新郷村,024503
03000,岩手県,,030007
03201,岩手県,盛岡市,032018
03202,岩手県,宮古市,032026
03203,岩手県,大船渡市,032034
03205,岩手県,花巻市,032051
03206,岩手県,北上市,032069
03207,岩手県,久慈市,032077
03208,岩手県,遠野市,032085
03209,岩手県,一関市,032093
03210,岩手県,陸前高田市,032107
03211,岩手県,釜石市,032115
03213,岩手県,二戸市,032131
03214,岩手県,八幡平市,032140
03215,岩手県,奥州市,032158
03216,岩手県,滝沢市,032166
03301,岩手県,雫石町,033014
03302,岩手県,葛巻町,033022
03303,岩手県,岩手町,033031
03321,岩手県,紫波町,033219
03322,岩手県,矢巾町,033227
03366,岩手県,西和賀町,033669
03381,岩手県,金ケ崎町,033812
03402,岩手県,平泉町,034029
03441,岩手県,住田町,034410
03461,岩手県,大槌町,034614
03482,岩手県,山田町,034827
03483,岩手県,岩泉町,034835
03484,岩手県,田野畑村,034843
03485,岩手県,普代村,034851
03501,岩手県,軽米町,035017
03503,岩手県,野田村,035033
03506,岩手県,九戸村,035068
03507,岩手県,洋野町,035076
03524,岩手県,一戸町,035246
04000,宮城県,,040002
04100,宮城県,仙台市,041009
04101,宮城県,仙台市青葉区,041017
04102,宮城県,仙台市宮城野区,041025
04103,宮城県,仙台市若林区,041033
04104,宮城県,仙台市太白区,041041
04105,宮城県,仙台市泉区,041050
04202,宮城県,石巻市,042021
04203,宮城県,塩竈市,042030
04205,宮城県,気仙沼市,042056
04206,宮城県,白石市,042064
04207,宮城県,名取市,042072
04208,宮城県,角田市,042081
04209,宮城県,多賀城市,042099
04211,宮城県,岩沼市,042111
04212,宮城県,登米市,042129
04213,宮城県,栗原市,042137
04214,宮城県,東松島市,042145
04215,宮城県,大崎市,042153
04216,宮城県,富谷市,042161
04301,宮城県,蔵王町,043010
04302,宮城県,七ヶ宿町,043028
04321,宮城県,大河原町,043214
04322,宮城県,村田町,043222
04323,宮城県,柴田町,043231
04324,宮城県,川崎町,043249
04341,宮城県,丸森町,043419
04361,宮城県,亘理町,043613
04362,宮城県,山元町,043621
04401,宮城県,松島町,044016
04404,宮城県,七ヶ浜町,044041
04406,宮城県,利府町,044067
04421,宮城県,大和町,044211
04422,宮城県,大郷町,044229
04424,宮城県,大衡村,044245
04444,宮城県,色麻町,044440
04445,宮城県,加美町,044458
04501,宮城県,涌谷町,045012
04505,宮城県,美里町,045055
04581,宮城県,女川町,045811
04606,宮城県,南三陸町,046060
05000,秋田県,,050008
05201,秋田県,秋田市,052019
05202,秋田県,能代市,052027
05203,秋田県,横手市,052035
05204,秋田県,大館市,052043
05206,秋田県,男鹿市,052060
05207,秋田県,湯沢市,052078
05209,秋田県,鹿角市,052094
05210,秋田県,由利本荘市,052108
05211,秋田県,潟上市,052116
05212,秋田県,大仙市,052124
05213,秋田県,北秋田市,052132
05214,秋田県,にかほ市,052141
05215,秋田県,仙北市,052159
05303,秋田県,小坂町,053031
05327,秋田県,上小阿仁村,053279
05346,秋田県,藤里町,053465
05348,秋田県,三種町,053481
05349,秋田県,八峰町,053490
05361,秋田県,五城目町,053619
05363,秋田県,八郎潟町,053635
05366,秋田県,井川町,053660
05368,秋田県,大潟村,053686
05434,秋田県,美郷町,054348
05463,秋田県,羽後町,054631
05464,秋田県,東成瀬村,054640
06000,山形県,,060003
06201,山形県,山形市,062014
06202,山形県,米沢市,062022
06203,山形県,鶴岡市,062031
06204,山形県,酒田市,062049
06205,山形県,新庄市,062057
06206,山形県,寒河江市,062065
06207,山形県,上山市,062073
06208,山形県,村山市,062081
06209,山形県,長井市,062090
06210,山形県,天童市,062103
06211,山形県,東根市,062111
06212,山形県,尾花沢市,062120
06213,山形県,南陽市,062138
06301,山形県,山辺町,063011
06302,山形県,中山町,063029
06321,山形県,河北町,063215
06322,山形県,西川町,063223
06323,山形県,朝日町,063231
06324,山形県,大江町,063240
06341,山形県,大石田町,063410
06361,山形県,金山町,063614
06362,山形県,最上町,063622
06363,山形県,舟形町,063631
06364,山形県,真室川町,063649
06365,山形県,大蔵村,063657
06366,山形県,鮭川村,063665
06367,山形県,戸沢村,063673
06381,山形県,高畠町,063819
06382,山形県,川西町,063827
06401,山形県,小国町,064017
06402,山形県,白鷹町,064025
06403,山形県,飯豊町,064033
06426,山形県,三川町,064262
06428,山形県,庄内町,064289
06461,山形県,遊佐町,064611
07000,福島県,,070009
07201,福島県,福島市,072010
07202,福島県,会津若松市,072028
07203,福島県,郡山市,072036
07204,福島県,いわき市,072044
07205,福島県,白河市,072052
07207,福島県,須賀川市,072079
07208,福島県,喜多方市,072087
07209,福島県,相馬市,072095
07210,福島県,二本松市,072109
07211,福島県,田村市,072117
07212,福島県,南相馬市,072125
07213,福島県,伊達市,072133
07214,福島県,本宮市,072141
07301,福島県,桑折町,073016
07303,福島県,国見町,073032
07308,福島県,川俣町,073083
07322,福島県,大玉村,073229
07342,福島県,鏡石町,073423
07344,福島県,天栄村,073440
07362,福島県,下郷町,073628
07364,福島県,檜枝岐村,073644
07367,福島県,只見町,073679
07368,福島県,南会津町,073687
07402,福島県,北塩原村,074021
07405,福島県,西会津町,074055
07407,福島県,磐梯町,074071
07408,福島県,猪苗代町,074080
07421,福島県,会津坂下町,074217
07422,福島県,湯川村,074225
07423,福島県,柳津町,074233
07444,福島県,三島町,074446
07445,福島県,金山町,074454
07446,福島県,昭和村,074462
07447,福島県,会津美里町,074471
07461,福島県,西郷村,074616
07464,福島県,泉崎村,074641
07465,福島県,中島村,074659
07466,福島県,矢吹町,074667
07481,福島県,棚倉町,074811
07482,福島県,矢祭町,074829
07483,福島県,塙町,074837
07484,福島県,鮫川村,074845
07501,福島県,石川町,075019
07502,福島県,玉川村,075027
07503,福島県,平田村,075035
07504,福島県,浅川町,075043
07505,福島県,古殿町,075051
07521,福島県,三春町,075213
07522,福島県,小野町,075221
07541,福島県,広野町,075418
07542,福島県,楢葉町,075426
07543,福島県,富岡町,075434
07544,福島県,川内村,075442
07545,福島県,大熊町,075451
07546,福島県,双葉町,075469
07547,福島県,浪江町,075477
07548,福島県,葛尾村,075485
07561,福島県,新地町,075612
07564,福島県,飯舘村,075647
08000,茨城県,,080004
08201,茨城県,水戸市,082015
08202,茨城県,日立市,082023
08203,茨城県,土浦市,082031
08204,茨城県,古河市,082040
08205,茨城県,石岡市,082058
08207,茨城県,結城市,082074
08208,茨城県,龍ケ崎市,082082
08210,茨城県,下妻市,082104
08211,茨城県,常総市,082112
08212,茨城県,常陸太田市,082121
08214,茨城県,高萩市,082147
08215,茨城県,北茨城市,082155
08216,茨城県,笠間市,082163
08217,茨城県,取手市,082171
08219,茨城県,牛久市,082198
08220,茨城県,つくば市,082201
08221,茨城県,ひたちなか市,082210
08222,茨城県,鹿嶋市,082228
08223,茨城県,潮来市,082236
08224,茨城県,守谷市,082244
08225,茨城県,常陸大宮市,082252
08226,茨城県,那珂市,082261
08227,茨城県,筑西市,082279
08228,茨城県,坂東市,082287
08229,茨城県,稲敷市,082295
08230,茨城県,かすみがうら市,082309
08231,茨城県,桜川市,082317
08232,茨城県,神栖市,082325
08233,茨城県,行方市,082333
08234,茨城県,鉾田市,082341
08235,茨城県,つくばみらい市,082350
08236,茨城県,小美玉市,082368
08302,茨城県,茨城町,083020
08309,茨城県,大洗町,083097
08310,茨城県,城里町,083101
08341,茨城県,東海村,083411
08364,茨城県,大子町,083640
08442,茨城県,美浦村,084425
08443,茨城県,阿見町,084433
08447,茨城県,河内町,084476
08521,茨城県,八千代町,085219
08542,茨城県,五霞町,085421
08546,茨城県,境町,085464
08564,茨城県,利根町,085642
09000,栃木県,,090000
09201,栃木県,宇都宮市,092011
09202,栃木県,足利市,092029
09203,栃木県,栃木市,092037
09204,栃木県,佐野市,092045
09205,栃木県,鹿沼市,092053
09206,栃木県,日光市,092061
09208,栃木県,小山市,092088
09209,栃木県,真岡市,092096
09210,栃木県,大田原市,092100
09211,栃木県,矢板市,092118
09213,栃木県,那須塩原市,092134
09214,栃木県,さくら市,092142
09215,栃木県,那須烏山市,092151
09216,栃木県,下野市,092169
09301,栃木県,上三川町,093017
09342,栃木県,益子町,093424
09343,栃木県,茂木町,093432
09344,栃木県,市貝町,093441
09345,栃木県,芳賀町,093459
09361,栃木県,壬生町,093611
09364,栃木県,野木町,093645
09384,栃木県,塩谷町,093840
09386,栃木県,高根沢町,093866
09407,栃木県,那須町,094072
09411,栃木県,那珂川町,094111
10000,群馬県,,100005
10201,群馬県,前橋市,102016
10202,群馬県,高崎市,102024
10203,群馬県,桐生市,102032
10204,群馬県,伊勢崎市,102041
10205,群馬県,太田市,102059
10206,群馬県,沼田市,102067
10207,群馬県,館林市,102075
10208,群馬県,渋川市,102083
10209,群馬県,藤岡市,102091
10210,群馬県,富岡市,102105
10211,群馬県,安中市,102113
10212,群馬県,みどり市,102121
10344,群馬県,榛東村,103446
10345,群馬県,吉岡町,103454
10366,群馬県,上野村,103667
10367,群馬県,神流町,103675
10382,群馬県,下仁田町,103829
10383,群馬県,南牧村,103837
10384,群馬県,甘楽町,103845
10421,群馬県,中之条町,104213
10424,群馬県,長野原町,104248
10425,群馬県,嬬恋村,104256
10426,群馬県,草津町,104264
10428,群馬県,高山村,104281
10429,群馬県,東吾妻町,104299
10443,群馬県,片品村,104434
10444,群馬県,川場村,104442
10448,群馬県,昭和村,104485
10449,群馬県,みなかみ町,104493
10464,群馬県,玉村町,104647
10521,群馬県,板倉町,105210
10522,群馬県,明和町,105228
10523,群馬県,千代田町,105236
10524,群馬県,大泉町,105244
10525,群馬県,邑楽町,105252
11000,埼玉県,,110001
11100,埼玉県,さいたま市,111007
11101,埼玉県,さいたま市西区,111015
11102,埼玉県,さいたま市北区,111023
11103,埼玉県,さいたま市大宮区,111031
11104,埼玉県,さいたま市見沼区,111040
11105,埼玉県,さいたま市中央区,111058
11106,埼玉県,さいたま市桜区,111066
11107,埼玉県,さいたま市浦和区,111074
11108,埼玉県,さいたま市南区,111082
11109,埼玉県,さいたま市緑区,111091
11110,埼玉県,さいたま市岩槻区,111104
11201,埼玉県,川越市,112011
11202,埼玉県,熊谷市,112020
11203,埼玉県,川口市,112038
11206,埼玉県,行田市,112062
11207,埼玉県,秩父市,112071
11208,埼玉県,所沢市,112089
11209,埼玉県,飯能市,112097
11210,埼玉県,加須市,112101
11211,埼玉県,本庄市,112119
11212,埼玉県,東松山市,112127
11214,埼玉県,春日部市,112143
11215,埼玉県,狭山市,112151
11216,埼玉県,羽生市,112160
11217,埼玉県,鴻巣市,112178
11218,埼玉県,深谷市,112186
11219,埼玉県,上尾市,112194
11221,埼玉県,草加市,112216
11222,埼玉県,越谷市,112224
11223,埼玉県,蕨市,112232
11224,埼玉県,戸田市,112241
11225,埼玉県,入間市,112259
11227,埼玉県,朝霞市,112275
11228,埼玉県,志木市,112283
11229,埼玉県,和光市,112291
11230,埼玉県,新座市,112305
11231,埼玉県,桶川市,112313
11232,埼玉県,久喜市,112321
11233,埼玉県,北本市,112330
11234,埼玉県,八潮市,112348
11235,埼玉県,富士見市,112356
11237,埼玉県,三郷市,112372
11238,埼玉県,蓮田市,112381
11239,埼玉県,坂戸市,112399
11240,埼玉県,幸手市,112402
11241,埼玉県,鶴ヶ島市,112411
11242,埼玉県,日高市,112429
11243,埼玉県,吉川市,112437
11245,埼玉県,ふじみ野市,112453
11246,埼玉県,白岡市,112461
11301,埼玉県,伊奈町,113018
11324,埼玉県,三芳町,113247
11326,埼玉県,毛呂山町,113263
11327,埼玉県,越生町,113271
11341,埼玉県,滑川町,113417
11342,埼玉県,嵐山町,113425
11343,埼玉県,小川町,113433
11346,埼玉県,川島町,113468
11347,埼玉県,吉見町,113476
11348,埼玉県,鳩山町,113484
11349,埼玉県,ときがわ町,113492
11361,埼玉県,横瀬町,113611
11362,埼玉県,皆野町,113620
11363,埼玉県,長瀞町,113638
11365,埼玉県,小鹿野町,113654
11369,埼玉県,東秩父村,113697
11381,埼玉県,美里町,113816
11383,埼玉県,神川町,113832
11385,埼玉県,上里町,113859
11408,埼玉県,寄居町,114081
11442,埼玉県,宮代町,114421
11464,埼玉県,杉戸町,114642
11465,埼玉県,松伏町,114651
12000,千葉県,,120006
12100,千葉県,千葉市,121002
12101,千葉県,千葉市中央区,121011
12102,千葉県,千葉市花見川区,121029
12103,千葉県,千葉市稲毛区,121037
12104,千葉県,千葉市若葉区,121045
12105,千葉県,千葉市緑区,121053
12106,千葉県,千葉市美浜区,121061
12202,千葉県,銚子市,122025
12203,千葉県,市川市,122033
12204,千葉県,船橋市,122041
12205,千葉県,館山市,122050
12206,千葉県,木更津市,122068
12207,千葉県,松戸市,122076
12208,千葉県,野田市,122084
12210,千葉県,茂原市,122106
12211,千葉県,成田市,122114
12212,千葉県,佐倉市,122122
12213,千葉県,東金市,122131
12215,千葉県,旭市,122157
12216,千葉県,習志野市,122165
12217,千葉県,柏市,122173
12218,千葉県,勝浦市,122181
12219,千葉県,市原市,122190
12220,千葉県,流山市,122203
12221,千葉県,八千代市,122211
12222,千葉県,我孫子市,122220
12223,千葉県,鴨川市,122238
12224,千葉県,鎌ケ谷市,122246
12225,千葉県,君津市,122254
12226,千葉県,富津市,122262
12227,千葉県,浦安市,122271
12228,千葉県,四街道市,122289
12229,千葉県,袖ケ浦市,122297
12230,千葉県,八街市,122301
12231,千葉県,印西市,122319
12232,千葉県,白井市,122327
12233,千葉県,富里市,122335
12234,千葉県,南房総市,122343
12235,千葉県,匝瑳市,122351
12236,千葉県,香取市,122360
12237,千葉県,山武市,122378
12238,千葉県,いすみ市,122386
12239,千葉県,大網白里市,122394
12322,千葉県,酒々井町,123226
12329,千葉県,栄町,123293
12342,千葉県,神崎町,123421
12347,千葉県,多古町,123471
12349,千葉県,東庄町,123498
12403,千葉県,九十九里町,124036
12409,千葉県,芝山町,124095
12410,千葉県,横芝光町,124109
12421,千葉県,一宮町,124214
12422,千葉県,睦沢町,124222
12423,千葉県,長生村,124231
12424,千葉県,白子町,124249
12426,千葉県,長柄町,124265
12427,千葉県,長南町,124273
12441,千葉県,大多喜町,124419
12443,千葉県,御宿町,124435
12463,千葉県,鋸南町,124630
13000,東京都,,130001
13101,東京都,千代田区,131016
13102,東京都,中央区,131024
13103,東京都,港区,131032
13104,東京都,新宿区,131041
13105,東京都,文京区,131059
13106,東京都,台東区,131067
13107,東京都,墨田区,131075
13108,東京都,江東区,131083
13109,東京都,品川区,131091
13110,東京都,目黒区,131105
13111,東京都,大田区,131113
13112,東京都,世田谷区,131121
13113,東京都,渋谷区,131130
13114,東京都,中野区,131148
13115,東京都,杉並区,131156
13116,東京都,豊島区,131164
13117,東京都,北区,131172
13118,東京都,荒川区,131181
13119,東京都,板橋区,131199
13120,東京都,練馬区,131202
13121,東京都,足立区,131211
13122,東京都,葛飾区,131229
13123,東京都,江戸川区,131237
13201,東京都,八王子市,132012
13202,東京都,立川市,132021
13203,東京都,武蔵野市,132039
13204,東京都,三鷹市,132047
13205,東京都,青梅市,132055
13206,東京都,府中市,132063
13207,東京都,昭島市,132071
13208,東京都,調布市,132080
13209,東京都,町田市,132098
13210,東京都,小金井市,132101
13211,東京都,小平市,132110
13212,東京都,日野市,132128
13213,東京都,東村山市,132136
13214,東京都,国分寺市,132144
13215,東京都,国立市,132152
13218,東京都,福生市,132187
13219,東京都,狛江市,132195
13220,東京都,東大和市,132209
13221,東京都,清瀬市,132217
13222,東京都,東久留米市,132225
13223,東京都,武蔵村山市,132233
13224,東京都,多摩市,132241
13225,東京都,稲城市,132250
13227,東京都,羽村市,132276
13228,東京都,あきる野市,132284
13229,東京都,西東京市,132292
13303,東京都,瑞穂町,133035
13305,東京都,日の出町,133051
13307,東京都,檜原村,133078
13308,東京都,奥多摩町,133086
13361,東京都,大島町,133612
13362,東京都,利島村,133621
13363,東京都,新島村,133639
13364,東京都,神津島村,133647
13381,東京都,三宅村,133817
13382,東京都,御蔵島村,133825
13401,東京都,八丈町,134015
13402,東京都,青ヶ島村,134023
13421,東京都,小笠原村,134210
14000,神奈川県,,140007
14100,神奈川県,横浜市,141003
14101,神奈川県,横浜市鶴見区,141011
14102,神奈川県,横浜市神奈川区,141020
14103,神奈川県,横浜市西区,141038
14104,神奈川県,横浜市中区,141046
14105,神奈川県,横浜市南区,141054
14106,神奈川県,横浜市保土ケ谷区,141062
14107,神奈川県,横浜市磯子区,141071
14108,神奈川県,横浜市金沢区,141089
14109,神奈川県,横浜市港北区,141097
14110,神奈川県,横浜市戸塚区,141101
14111,神奈川県,横浜市港南区,141119
14112,神奈川県,横浜市旭区,141127
14113,神奈川県,横浜市緑区,141135
14114,神奈川県,横浜市瀬谷区,141143
14115,神奈川県,横浜市栄区,141151
14116,神奈川県,横浜市泉区,141160
14117,神奈川県,横浜市青葉区,141178
14118,神奈川県,横浜市都筑区,141186
14130,神奈川県,川崎市,141305
14131,神奈川県,川崎市川崎区,141313
14132,神奈川県,川崎市幸区,141321
14133,神奈川県,川崎市中原区,141330
14134,神奈川県,川崎市高津区,141348
14135,神奈川県,川崎市多摩区,141356
14136,神奈川県,川崎市宮前区,141364
14137,神奈川県,川崎市麻生区,141372
14150,神奈川県,相模原市,141500
14151,神奈川県,相模原市緑区,141518
14152,神奈川県,相模原市中央区,141526
14153,神奈川県,相模原市南区,141534
14201,神奈川県,横須賀市,142018
14203,神奈川県,平塚市,142034
14204,神奈川県,鎌倉市,142042
14205,神奈川県,藤沢市,142051
14206,神奈川県,小田原市,142069
14207,神奈川県,茅ヶ崎市,142077
14208,神奈川県,逗子市,142085
14210,神奈川県,三浦市,142107
14211,神奈川県,秦野市,142115
14212,神奈川県,厚木市,142123
14213,神奈川県,大和市,142131
14214,神奈川県,伊勢原市,142140
14215,神奈川県,海老名市,142158
14216,神奈川県,座間市,142166
14217,神奈川県,南足柄市,142174
14218,神奈川県,綾瀬市,142182
14301,神奈川県,葉山町,143014
14321,神奈川県,寒川町,143219
14341,神奈川県,大磯町,143413
14342,神奈川県,二宮町,143421
14361,神奈川県,中井町,143618
14362,神奈川県,大井町,143626
14363,神奈川県,松田町,143634
14364,神奈川県,山北町,143642
14366,神奈川県,開成町,143669
14382,神奈川県,箱根町,143821
14383,神奈川県,真鶴町,143839
14384,神奈川県,湯河原町,143847
14401,神奈川県,愛川町,144011
14402,神奈川県,清川村,144029
15000,新潟県,,150002
15100,新潟県,新潟市,151009
15101,新潟県,新潟市北区,151017
15102,新潟県,新潟市東区,151025
15103,新潟県,新潟市中央区,151033
15104,新潟県,新潟市江南区,151041
15105,新潟県,新潟市秋葉区,151050
15106,新潟県,新潟市南区,151068
15107,新潟県,新潟市西区,151076
15108,新潟県,新潟市西蒲区,151084
15202,新潟県,長岡市,152021
15204,新潟県,三条市,152048
15205,新潟県,柏崎市,152056
15206,新潟県,新発田市,152064
15208,新潟県,小千谷市,152081
15209,新潟県,加茂市,152099
15210,新潟県,十日町市,152102
15211,新潟県,見附市,152111
15212,新潟県,村上市,152129
15213,新潟県,燕市,152137
15216,新潟県,糸魚川市,152161
15217,新潟県,妙高市,152170
15218,新潟県,五泉市,152188
15222,新潟県,上越市,152226
15223,新潟県,阿賀野市,152234
15224,新潟県,佐渡市,152242
15225,新潟県,魚沼市,152251
15226,新潟県,南魚沼市,152269
15227,新潟県,胎内市,152277
15307,新潟県,聖籠町,153079
15342,新潟県,弥彦村,153427
15361,新潟県,田上町,153613
15385,新潟県,阿賀町,153851
15405,新潟県,出雲崎町,154059
15461,新潟県,湯沢町,154610
15482,新潟県,津南町,154822
15504,新潟県,刈羽村,155047
15581,新潟県,関川村,155811
15586,新潟県,粟島浦村,155861
16000,富山県,,160008
16201,富山県,富山市,162019
16202,富山県,高岡市,162027
16204,富山県,魚津市,162043
16205,富山県,氷見市,162051
16206,富山県,滑川市,162060
16207,富山県,黒部市,162078
16208,富山県,砺波市,162086
16209,富山県,小矢部市,162094
16210,富山県,南砺市,162108
16211,富山県,射水市,162116
16321,富山県,舟橋村,163210
16322,富山県,上市町,163228
16323,富山県,立山町,163236
16342,富山県,入善町,163422
16343,富山県,朝日町,163431
17000,石川県,,170003
17201,石川県,金沢市,172014
17202,石川県,七尾市,172022
17203,石川県,小松市,172031
17204,石川県,輪島市,172049
17205,石川県,珠洲市,172057
17206,石川県,加賀市,172065
17207,石川県,羽咋市,172073
17209,石川県,かほく市,172090
17210,石川県,白山市,172103
17211,石川県,能美市,172111
17212,石川県,野々市市,172120
17324,石川県,川北町,173240
17361,石川県,津幡町,173614
17365,石川県,内灘町,173657
17384,石川県,志賀町,173843
17386,石川県,宝達志水町,173860
17407,石川県,中能登町,174076
17461,石川県,穴水町,174611
17463,石川県,能登町,174637
18000,福井県,,180009
18201,福井県,福井市,182010
18202,福井県,敦賀市,182028
18204,福井県,小浜市,182044
18205,福井県,大野市,182052
18206,福井県,勝山市,182061
18207,福井県,鯖江市,182079
18208,福井県,あわら市,182087
18209,福井県,越前市,182095
18210,福井県,坂井市,182109
18322,福井県,永平寺町,183229
18382,福井県,池田町,183822
18404,福井県,南越前町,184047
18423,福井県,越前町,184233
18442,福井県,美浜町,184420
18481,福井県,高浜町,184811
18483,福井県,おおい町,184837
18501,福井県,若狭町,185019
19000,山梨県,,190004
19201,山梨県,甲府市,192015
19202,山梨県,富士吉田市,192023
19204,山梨県,都留市,192040
19205,山梨県,山梨市,192058
19206,山梨県,大月市,192066
19207,山梨県,韮崎市,192074
19208,山梨県,南アルプス市,192082
19209,山梨県,北杜市,192091
19210,山梨県,甲斐市,192104
19211,山梨県,笛吹市,192112
19212,山梨県,上野原市,192121
19213,山梨県,甲州市,192139
19214,山梨県,中央市,192147
19346,山梨県,市川三郷町,193461
19364,山梨県,早川町,193640
19365,山梨県,身延町,193658
19366,山梨県,南部町,193666
19368,山梨県,富士川町,193682
19384,山梨県,昭和町,193844
19422,山梨県,道志村,194221
19423,山梨県,西桂町,194239
19424,山梨県,忍野村,194247
19425,山梨県,山中湖村,194255
19429,山梨県,鳴沢村,194298
19430,山梨県,富士河口湖町,194301
19442,山梨県,小菅村,194425
19443,山梨県,丹波山村,194433
20000,長野県,,200000
20201,長野県,長野市,202011
20202,長野県,松本市,202029
20203,長野県,上田市,202037
20204,長野県,岡谷市,202045
20205,長野県,飯田市,202053
20206,長野県,諏訪市,202061
20207,長野県,須坂市,202070
20208,長野県,小諸市,202088
20209,長野県,伊那市,202096
20210,長野県,駒ヶ根市,202100
20211,長野県,中野市,202118
20212,長野県,大町市,202126
20213,長野県,飯山市,202134
20214,長野県,茅野市,202142
20215,長野県,塩尻市,202151
20217,長野県,佐久市,202177
20218,長野県,千曲市,202185
20219,長野県,東御市,202193
20220,長野県,安曇野市,202207
20303,長野県,小海町,203033
20304,長野県,川上村,203041
20305,長野県,南牧村,203050
20306,長野県,南相木村,203068
20307,長野県,北相木村,203076
20309,長野県,佐久穂町,203092
20321,長野県,軽井沢町,203211
20323,長野県,御代田町,203238
20324,長野県,立科町,203246
20349,長野県,青木村,203491
20350,長野県,長和町,203505
20361,長野県,下諏訪町,203611
20362,長野県,富士見町,203629
20363,長野県,原村,203637
20382,長野県,辰野町,203823
20383,長野県,箕輪町,203831
20384,長野県,飯島町,203840
20385,長野県,南箕輪村,203858
20386,長野県,中川村,203866
20388,長野県,宮田村,203882
20402,長野県,松川町,204021
20403,長野県,高森町,204030
20404,長野県,阿南町,204048
20407,長野県,阿智村,204072
20409,長野県,平谷村,204099
20410,長野県,根羽村,204102
20411,長野県,下條村,204111
20412,長野県,売木村,204129
20413,長野県,天龍村,204137
20414,長野県,泰阜村,204145
20415,長野県,喬木村,204153
20416,長野県,豊丘村,204161
20417,長野県,大鹿村,204170
20422,長野県,上松町,204226
20423,長野県,南木曽町,204234
20425,長野県,木祖村,204251
20429,長野県,王滝村,204293
20430,長野県,大桑村,204307
20432,長野県,木曽町,204323
20446,長野県,麻績村,204463
20448,長野県,生坂村,204480
20450,長野県,山形村,204501
20451,長野県,朝日村,204510
20452,長野県,筑北村,204528
20481,長野県,池田町,204811
20482,長野県,松川村,204820
20485,長野県,白馬村,204854
20486,長野県,小谷村,204862
20521,長野県,坂城町,205214
20541,長野県,小布施町,205419
20543,長野県,高山村,205435
20561,長野県,山ノ内町,205613
20562,長野県,木島平村,205621
20563,長野県,野沢温泉村,205630
20583,長野県,信濃町,205834
20588,長野県,小川村,205885
20590,長野県,飯綱町,205907
20602,長野県,栄村,206024
21000,岐阜県,,210005
21201,岐阜県,岐阜市,212016
21202,岐阜県,大垣市,212024
21203,岐阜県,高山市,212032
21204,岐阜県,多治見市,212041
21205,岐阜県,関市,212059
21206,岐阜県,中津川市,212067
21207,岐阜県,美濃市,212075
21208,岐阜県,瑞浪市,212083
21209,岐阜県,羽島市,212091
21210,岐阜県,恵那市,212105
21211,岐阜県,美濃加茂市,212113
21212,岐阜県,土岐市,212121
21213,岐阜県,各務原市,212130
21214,岐阜県,可児市,212148
21215,岐阜県,山県市,212156
21216,岐阜県,瑞穂市,212164
21217,岐阜県,飛騨市,212172
21218,岐阜県,本巣市,212181
21219,岐阜県,郡上市,212199
21220,岐阜県,下呂市,212202
21221,岐阜県,海津市,212211
21302,岐阜県,岐南町,213021
21303,岐阜県,笠松町,213039
21341,岐阜県,養老町,213411
21361,岐阜県,垂井町,213616
21362,岐阜県,関ケ原町,213624
21381,岐阜県,神戸町,213811
21382,岐阜県,輪之内町,213829
21383,岐阜県,安八町,213837
21401,岐阜県,揖斐川町,214019
21403,岐阜県,大野町,214035
21404,岐阜県,池田町,214043
21421,岐阜県,北方町,214213
21501,岐阜県,坂祝町,215015
21502,岐阜県,富加町,215023
21503,岐阜県,川辺町,215031
21504,岐阜県,七宗町,215040
21505,岐阜県,八百津町,215058
21506,岐阜県,白川町,215066
21507,岐阜県,東白川村,215074
21521,岐阜県,御嵩町,215210
21604,岐阜県,白川村,216046
22000,静岡県,,220001
22100,静岡県,静岡市,221007
22101,静岡県,静岡市葵区,221015
22102,静岡県,静岡市駿河区,221023
22103,静岡県,静岡市清水区,221031
22130,静岡県,浜松市,221309
22138,静岡県,浜松市中央区,221384
22139,静岡県,浜松市浜名区,221392
22140,静岡県,浜松市天竜区,221406
22203,静岡県,沼津市,222038
22205,静岡県,熱海市,222054
22206,静岡県,三島市,222062
22207,静岡県,富士宮市,222071
22208,静岡県,伊東市,222089
22209,静岡県,島田市,222097
22210,静岡県,富士市,222101
22211,静岡県,磐田市,222119
22212,静岡県,焼津市,222127
22213,静岡県,掛川市,222135
22214,静岡県,藤枝市,222143
22215,静岡県,御殿場市,222151
22216,静岡県,袋井市,222160
22219,静岡県,下田市,222194
22220,静岡県,裾野市,222208
22221,静岡県,湖西市,222216
22222,静岡県,伊豆市,222224
22223,静岡県,御前崎市,222232
22224,静岡県,菊川市,222241
22225,静岡県,伊豆の国市,222259
22226,静岡県,牧之原市,222267
22301,静岡県,東伊豆町,223018
22302,静岡県,河津町,223026
22304,静岡県,南伊豆町,223042
22305,静岡県,松崎町,223051
22306,静岡県,西伊豆町,223069
22325,静岡県,函南町,223255
22341,静岡県,清水町,223417
22342,静岡県,長泉町,223425
22344,静岡県,小山町,223441
22424,静岡県,吉田町,224243
22429,静岡県,川根本町,224294
22461,静岡県,森町,224618
23000,愛知県,,230006
23100,愛知県,名古屋市,231002
23101,愛知県,名古屋市千種区,231011
23102,愛知県,名古屋市東区,231029
23103,愛知県,名古屋市北区,231037
23104,愛知県,名古屋市西区,231045
23105,愛知県,名古屋市中村区,231053
23106,愛知県,名古屋市中区,231061
23107,愛知県,名古屋市昭和区,231070
23108,愛知県,名古屋市瑞穂区,231088
23109,愛知県,名古屋市熱田区,231096
23110,愛知県,名古屋市中川区,231100
23111,愛知県,名古屋市港区,231118
23112,愛知県,名古屋市南区,231126
23113,愛知県,名古屋市守山区,231134
23114,愛知県,名古屋市緑区,231142
23115,愛知県,名古屋市名東区,231151
23116,愛知県,名古屋市天白区,231169
23201,愛知県,豊橋市,232017
23202,愛知県,岡崎市,232025
23203,愛知県,一宮市,232033
23204,愛知県,瀬戸市,232041
23205,愛知県,半田市,232050
23206,愛知県,春日井市,232068
23207,愛知県,豊川市,232076
23208,愛知県,津島市,232084
23209,愛知県,碧南市,232092
23210,愛知県,刈谷市,232106
23211,愛知県,豊田市,232114
23212,愛知県,安城市,232122
23213,愛知県,西尾市,232131
23214,愛知県,蒲郡市,232149
23215,愛知県,犬山市,232157
23216,愛知県,常滑市,232165
23217,愛知県,江南市,232173
23219,愛知県,小牧市,232190
23220,愛知県,稲沢市,232203
23221,愛知県,新城市,232211
23222,愛知県,東海市,232220
23223,愛知県,大府市,232238
23224,愛知県,知多市,232246
23225,愛知県,知立市,232254
23226,愛知県,尾張旭市,232262
23227,愛知県,高浜市,232271
23228,愛知県,岩倉市,232289
23229,愛知県,豊明市,232297
23230,愛知県,日進市,232301
23231,愛知県,田原市,232319
23232,愛知県,愛西市,232327
23233,愛知県,清須市,232335
23234,愛知県,北名古屋市,232343
23235,愛知県,弥富市,232351
23236,愛知県,みよし市,232360
23237,愛知県,あま市,232378
23238,愛知県,長久手市,232386
23302,愛知県,東郷町,233021
23342,愛知県,豊山町,233421
23361,愛知県,大口町,233617
23362,愛知県,扶桑町,233625
23424,愛知県,大治町,234249
23425,愛知県,蟹江町,234257
23427,愛知県,飛島村,234273
23441,愛知県,阿久比町,234419
23442,愛知県,東浦町,234427
23445,愛知県,南知多町,234451
23446,愛知県,美浜町,234460
23447,愛知県,武豊町,234478
23501,愛知県,幸田町,235016
23561,愛知県,設楽町,235610
23562,愛知県,東栄町,235628
23563,愛知県,豊根村,235636
24000,三重県,,240001
24201,三重県,津市,242012
24202,三重県,四日市市,242021
24203,三重県,伊勢市,242039
24204,三重県,松阪市,242047
24205,三重県,桑名市,242055
24207,三重県,鈴鹿市,242071
24208,三重県,名張市,242080
24209,三重県,尾鷲市,242098
24210,三重県,亀山市,242101
24211,三重県,鳥羽市,242110
24212,三重県,熊野市,242128
24214,三重県,いなべ市,242144
24215,三重県,志摩市,242152
24216,三重県,伊賀市,242161
24303,三重県,木曽岬町,243035
24324,三重県,東員町,243248
24341,三重県,菰野町,243418
24343,三重県,朝日町,243434
24344,三重県,川越町,243442
24441,三重県,多気町,244414
24442,三重県,明和町,244422
24443,三重県,大台町,244431
24461,三重県,玉城町,244619
24470,三重県,度会町,244708
24471,三重県,大紀町,244716
24472,三重県,南伊勢町,244724
24543,三重県,紀北町,245437
24561,三重県,御浜町,245615
24562,三重県,紀宝町,245623
25000,滋賀県,,250007
25201,滋賀県,大津市,252018
25202,滋賀県,彦根市,252026
25203,滋賀県,長浜市,252034
25204,滋賀県,近江八幡市,252042
25206,滋賀県,草津市,252069
25207,滋賀県,守山市,252077
25208,滋賀県,栗東市,252085
25209,滋賀県,甲賀市,252093
25210,滋賀県,野洲市,252107
25211,滋賀県,湖南市,252115
25212,滋賀県,高島市,252123
25213,滋賀県,東近江市,252131
25214,滋賀県,米原市,252140
25383,滋賀県,日野町,253839
25384,滋賀県,竜王町,253847
25425,滋賀県,愛荘町,254258
25441,滋賀県,豊郷町,254410
25442,滋賀県,甲良町,254428
25443,滋賀県,多賀町,254436
26000,京都府,,260002
26100,京都府,京都市,261009
26101,京都府,京都市北区,261017
26102,京都府,京都市上京区,261025
26103,京都府,京都市左京区,261033
26104,京都府,京都市中京区,261041
26105,京都府,京都市東山区,261050
26106,京都府,京都市下京区,261068
26107,京都府,京都市南区,261076
26108,京都府,京都市右京区,261084
26109,京都府,京都市伏見区,261092
26110,京都府,京都市山科区,261106
26111,京都府,京都市西京区,261114
26201,京都府,福知山市,262013
26202,京都府,舞鶴市,262021
26203,京都府,綾部市,262030
26204,京都府,宇治市,262048
26205,京都府,宮津市,262056
26206,京都府,亀岡市,262064
26207,京都府,城陽市,262072
26208,京都府,向日市,262081
26209,京都府,長岡京市,262099
26210,京都府,八幡市,262102
26211,京都府,京田辺市,262111
26212,京都府,京丹後市,262129
26213,京都府,南丹市,262137
26214,京都府,木津川市,262145
26303,京都府,大山崎町,263036
26322,京都府,久御山町,263222
26343,京都府,井手町,263435
26344,京都府,宇治田原町,263443
26364,京都府,笠置町,263648
26365,京都府,和束町,263656
26366,京都府,精華町,263664
26367,京都府,南山城村,263672
26407,京都府,京丹波町,264075
26463,京都府,伊根町,264636
26465,京都府,与謝野町,264652
27000,大阪府,,270008
27100,大阪府,大阪市,271004
27102,大阪府,大阪市都島区,271021
27103,大阪府,大阪市福島区,271039
27104,大阪府,大阪市此花区,271047
27106,大阪府,大阪市西区,271063
27107,大阪府,大阪市港区,271071
27108,大阪府,大阪市大正区,271080
27109,大阪府,大阪市天王寺区,271098
27111,大阪府,大阪市浪速区,271110
27113,大阪府,大阪市西淀川区,271136
27114,大阪府,大阪市東淀川区,271144
27115,大阪府,大阪市東成区,271152
27116,大阪府,大阪市生野区,271161
27117,大阪府,大阪市旭区,271179
27118,大阪府,大阪市城東区,271187
27119,大阪府,大阪市阿倍野区,271195
27120,大阪府,大阪市住吉区,271209
27121,大阪府,大阪市東住吉区,271217
27122,大阪府,大阪市西成区,271225
27123,大阪府,大阪市淀川区,271233
27124,大阪府,大阪市鶴見区,271241
27125,大阪府,大阪市住之江区,271250
27126,大阪府,大阪市平野区,271268
27127,大阪府,大阪市北区,271276
27128,大阪府,大阪市中央区,271284
27140,大阪府,堺市,271403
27141,大阪府,堺市堺区,271411
27142,大阪府,堺市中区,271420
27143,大阪府,堺市東区,271438
27144,大阪府,堺市西区,271446
27145,大阪府,堺市南区,271454
27146,大阪府,堺市北区,271462
27147,大阪府,堺市美原区,271471
27202,大阪府,岸和田市,272027
27203,大阪府,豊中市,272035
27204,大阪府,池田市,272043
27205,大阪府,吹田市,272051
27206,大阪府,泉大津市,272060
27207,大阪府,高槻市,272078
27208,大阪府,貝塚市,272086
27209,大阪府,守口市,272094
27210,大阪府,枚方市,272108
27211,大阪府,茨木市,272116
27212,大阪府,八尾市,272124
27213,大阪府,泉佐野市,272132
27214,大阪府,富田林市,272141
27215,大阪府,寝屋川市,272159
27216,大阪府,河内長野市,272167
27217,大阪府,松原市,272175
27218,大阪府,大東市,272183
27219,大阪府,和泉市,272191
27220,大阪府,箕面市,272205
27221,大阪府,柏原市,272213
27222,大阪府,羽曳野市,272221
27223,大阪府,門真市,272230
27224,大阪府,摂津市,272248
27225,大阪府,高石市,272256
27226,大阪府,藤井寺市,272264
27227,大阪府,東大阪市,272272
27228,大阪府,泉南市,272281
27229,大阪府,四條畷市,272299
27230,大阪府,交野市,272302
27231,大阪府,大阪狭山市,272311
27232,大阪府,阪南市,272329
27301,大阪府,島本町,273015
27321,大阪府,豊能町,273210
27322,大阪府,能勢町,273228
27341,大阪府,忠岡町,273414
27361,大阪府,熊取町,273619
27362,大阪府,田尻町,273627
27366,大阪府,岬町,273660
27381,大阪府,太子町,273813
27382,大阪府,河南町,273821
27383,大阪府,千早赤阪村,273830
28000,兵庫県,,280003
28100,兵庫県,神戸市,281000
28101,兵庫県,神戸市東灘区,281018
28102,兵庫県,神戸市灘区,281026
28105,兵庫県,神戸市兵庫区,281051
28106,兵庫県,神戸市長田区,281069
28107,兵庫県,神戸市須磨区,281077
28108,兵庫県,神戸市垂水区,281085
28109,兵庫県,神戸市北区,281093
28110,兵庫県,神戸市中央区,281107
28111,兵庫県,神戸市西区,281115
28201,兵庫県,姫路市,282014
28202,兵庫県,尼崎市,282022
28203,兵庫県,明石市,282031
28204,兵庫県,西宮市,282049
28205,兵庫県,洲本市,282057
28206,兵庫県,芦屋市,282065
28207,兵庫県,伊丹市,282073
28208,兵庫県,相生市,282081
28209,兵庫県,豊岡市,282090
28210,兵庫県,加古川市,282103
28212,兵庫県,赤穂市,282120
28213,兵庫県,西脇市,282138
28214,兵庫県,宝塚市,282146
28215,兵庫県,三木市,282154
28216,兵庫県,高砂市,282162
28217,兵庫県,川西市,282171
28218,兵庫県,小野市,282189
28219,兵庫県,三田市,282197
28220,兵庫県,加西市,282201
28221,兵庫県,丹波篠山市,282219
28222,兵庫県,養父市,282227
28223,兵庫県,丹波市,282235
28224,兵庫県,南あわじ市,282243
28225,兵庫県,朝来市,282251
28226,兵庫県,淡路市,282260
28227,兵庫県,宍粟市,282278
28228,兵庫県,加東市,282286
28229,兵庫県,たつの市,282294
28301,兵庫県,猪名川町,283011
28365,兵庫県,多可町,283657
28381,兵庫県,稲美町,283819
28382,兵庫県,播磨町,283827
28442,兵庫県,市川町,284424
28443,兵庫県,福崎町,284432
28446,兵庫県,神河町,284467
28464,兵庫県,太子町,284645
28481,兵庫県,上郡町,284815
28501,兵庫県,佐用町,285013
28585,兵庫県,香美町,285854
28586,兵庫県,新温泉町,285862
29000,奈良県,,290009
29201,奈良県,奈良市,292010
29202,奈良県,大和高田市,292028
29203,奈良県,大和郡山市,292036
29204,奈良県,天理市,292044
29205,奈良県,橿原市,292052
29206,奈良県,桜井市,292061
29207,奈良県,五條市,292079
29208,奈良県,御所市,292087
29209,奈良県,生駒市,292095
29210,奈良県,香芝市,292109
29211,奈良県,葛城市,292117
29212,奈良県,宇陀市,292125
29322,奈良県,山添村,293229
29342,奈良県,平群町,293423
29343,奈良県,三郷町,293431
29344,奈良県,斑鳩町,293440
29345,奈良県,安堵町,293458
29361,奈良県,川西町,293610
29362,奈良県,三宅町,293628
29363,奈良県,田原本町,293636
29385,奈良県,曽爾村,293857
29386,奈良県,御杖村,293865
29401,奈良県,高取町,294012
29402,奈良県,明日香村,294021
29424,奈良県,上牧町,294241
29425,奈良県,王寺町,294250
29426,奈良県,広陵町,294268
29427,奈良県,河合町,294276
29441,奈良県,吉野町,294411
29442,奈良県,大淀町,294420
29443,奈良県,下市町,294438
29444,奈良県,黒滝村,294446
29446,奈良県,天川村,294462
29447,奈良県,野迫川村,294471
29449,奈良県,十津川村,294497
29450,奈良県,下北山村,294501
29451,奈良県,上北山村,294519
29452,奈良県,川上村,294527
29453,奈良県,東吉野村,294535
30000,和歌山県,,300004
30201,和歌山県,和歌山市,302015
30202,和歌山県,海南市,302023
30203,和歌山県,橋本市,302031
30204,和歌山県,有田市,302040
30205,和歌山県,御坊市,302058
30206,和歌山県,田辺市,302066
30207,和歌山県,新宮市,302074
30208,和歌山県,紀の川市,302082
30209,和歌山県,岩出市,302091
30304,和歌山県,紀美野町,303046
30341,和歌山県,かつらぎ町,303411
30343,和歌山県,九度山町,303437
30344,和歌山県,高野町,303445
30361,和歌山県,湯浅町,303615
30362,和歌山県,広川町,303623
30366,和歌山県,有田川町,303666
30381,和歌山県,美浜町,303810
30382,和歌山県,日高町,303828
30383,和歌山県,由良町,303836
30390,和歌山県,印南町,303909
30391,和歌山県,みなべ町,303917
30392,和歌山県,日高川町,303925
30401,和歌山県,白浜町,304018
30404,和歌山県,上富田町,304042
30406,和歌山県,すさみ町,304069
30421,和歌山県,那智勝浦町,304212
30422,和歌山県,太地町,304221
30424,和歌山県,古座川町,304247
30427,和歌山県,北山村,304271
30428,和歌山県,串本町,304280
31000,鳥取県,,310000
31201,鳥取県,鳥取市,312011
31202,鳥取県,米子市,312029
31203,鳥取県,倉吉市,312037
31204,鳥取県,境港市,312045
31302,鳥取県,岩美町,313025
31325,鳥取県,若桜町,313254
31328,鳥取県,智頭町,313289
31329,鳥取県,八頭町,313297
31364,鳥取県,三朝町,313645
31370,鳥取県,湯梨浜町,313700
31371,鳥取県,琴浦町,313718
31372,鳥取県,北栄町,313726
31384,鳥取県,日吉津村,313840
31386,鳥取県,大山町,313866
31389,鳥取県,南部町,313891
31390,鳥取県,伯耆町,313904
31401,鳥取県,日南町,314013
31402,鳥取県,日野町,314021
31403,鳥取県,江府町,314030
32000,島根県,,320005
32201,島根県,松江市,322016
32202,島根県,浜田市,322024
32203,島根県,出雲市,322032
32204,島根県,益田市,322041
32205,島根県,大田市,322059
32206,島根県,安来市,322067
32207,島根県,江津市,322075
32209,島根県,雲南市,322091
32343,島根県,奥出雲町,323438
32386,島根県,飯南町,323861
32441,島根県,川本町,324418
32448,島根県,美郷町,324485
32449,島根県,邑南町,324493
32501,島根県,津和野町,325015
32505,島根県,吉賀町,325058
32525,島根県,海士町,325252
32526,島根県,西ノ島町,325261
32527,島根県,知夫村,325279
32528,島根県,隠岐の島町,325287
33000,岡山県,,330001
33100,岡山県,岡山市,331007
33101,岡山県,岡山市北区,331015
33102,岡山県,岡山市中区,331023
33103,岡山県,岡山市東区,331031
33104,岡山県,岡山市南区,331040
33202,岡山県,倉敷市,332020
33203,岡山県,津山市,332038
33204,岡山県,玉野市,332046
33205,岡山県,笠岡市,332054
33207,岡山県,井原市,332071
33208,岡山県,総社市,332089
33209,岡山県,高梁市,332097
33210,岡山県,新見市,332101
33211,岡山県,備前市,332119
33212,岡山県,瀬戸内市,332127
33213,岡山県,赤磐市,332135
33214,岡山県,真庭市,332143
33215,岡山県,美作市,332151
33216,岡山県,浅口市,332160
33346,岡山県,和気町,333468
33423,岡山県,早島町,334235
33445,岡山県,里庄町,334456
33461,岡山県,矢掛町,334618
33586,岡山県,新庄村,335860
33606,岡山県,鏡野町,336068
33622,岡山県,勝央町,336220
33623,岡山県,奈義町,336238
33643,岡山県,西粟倉村,336432
33663,岡山県,久米南町,336637
33666,岡山県,美咲町,336661
33681,岡山県,吉備中央町,336815
34000,広島県,,340006
34100,広島県,広島市,341002
34101,広島県,広島市中区,341011
34102,広島県,広島市東区,341029
34103,広島県,広島市南区,341037
34104,広島県,広島市西区,341045
34105,広島県,広島市安佐南区,341053
34106,広島県,広島市安佐北区,341061
34107,広島県,広島市安芸区,341070
34108,広島県,広島市佐伯区,341088
34202,広島県,呉市,342025
34203,広島県,竹原市,342033
34204,広島県,三原市,342041
34205,広島県,尾道市,342050
34207,広島県,福山市,342076
34208,広島県,府中市,342084
34209,広島県,三次市,342092
34210,広島県,庄原市,342106
34211,広島県,大竹市,342114
34212,広島県,東広島市,342122
34213,広島県,廿日市市,342131
34214,広島県,安芸高田市,342149
34215,広島県,江田島市,342157
34302,広島県,府中町,343021
34304,広島県,海田町,343048
34307,広島県,熊野町,343072
34309,広島県,坂町,343099
34368,広島県,安芸太田町,343684
34369,広島県,北広島町,343692
34431,広島県,大崎上島町,344311
34462,広島県,世羅町,344621
34545,広島県,神石高原町,345458
35000,山口県,,350001
35201,山口県,下関市,352012
35202,山口県,宇部市,352021
35203,山口県,山口市,352039
35204,山口県,萩市,352047
35206,山口県,防府市,352063
35207,山口県,下松市,352071
35208,山口県,岩国市,352080
35210,山口県,光市,352101
35211,山口県,長門市,352110
35212,山口県,柳井市,352128
35213,山口県,美祢市,352136
35215,山口県,周南市,352152
35216,山口県,山陽小野田市,352161
35305,山口県,周防大島町,353051
35321,山口県,和木町,353213
35341,山口県,上関町,353418
35343,山口県,田布施町,353434
35344,山口県,平生町,353442
35502,山口県,阿武町,355020
36000,徳島県,,360007
36201,徳島県,徳島市,362018
36202,徳島県,鳴門市,362026
36203,徳島県,小松島市,362034
36204,徳島県,阿南市,362042
36205,徳島県,吉野川市,362051
36206,徳島県,阿波市,362069
36207,徳島県,美馬市,362077
36208,徳島県,三好市,362085
36301,徳島県,勝浦町,363014
36302,徳島県,上勝町,363022
36321,徳島県,佐那河内村,363219
36341,徳島県,石井町,363413
36342,徳島県,神山町,363421
36368,徳島県,那賀町,363685
36383,徳島県,牟岐町,363839
36387,徳島県,美波町,363871
36388,徳島県,海陽町,363880
36401,徳島県,松茂町,364011
36402,徳島県,北島町,364029
36403,徳島県,藍住町,364037
36404,徳島県,板野町,364045
36405,徳島県,上板町,364053
36468,徳島県,つるぎ町,364681
36489,徳島県,東みよし町,364894
37000,香川県,,370002
37201,香川県,高松市,372013
37202,香川県,丸亀市,372021
37203,香川県,坂出市,372030
37204,香川県,善通寺市,372048
37205,香川県,観音寺市,372056
37206,香川県,さぬき市,372064
37207,香川県,東かがわ市,372072
37208,香川県,三豊市,372081
37322,香川県,土庄町,373222
37324,香川県,小豆島町,373249
37341,香川県,三木町,373419
37364,香川県,直島町,373648
37386,香川県,宇多津町,373869
37387,香川県,綾川町,373877
37403,香川県,琴平町,374032
37404,香川県,多度津町,374041
37406,香川県,まんのう町,374067
38000,愛媛県,,380008
38201,愛媛県,松山市,382019
38202,愛媛県,今治市,382027
38203,愛媛県,宇和島市,382035
38204,愛媛県,八幡浜市,382043
38205,愛媛県,新居浜市,382051
38206,愛媛県,西条市,382060
38207,愛媛県,大洲市,382078
38210,愛媛県,伊予市,382108
38213,愛媛県,四国中央市,382132
38214,愛媛県,西予市,382141
38215,愛媛県,東温市,382159
38356,愛媛県,上島町,383562
38386,愛媛県,久万高原町,383864
38401,愛媛県,松前町,384011
38402,愛媛県,砥部町,384020
38422,愛媛県,内子町,384224
38442,愛媛県,伊方町,384429
38484,愛媛県,松野町,384844
38488,愛媛県,鬼北町,384887
38506,愛媛県,愛南町,385069
39000,高知県,,390003
39201,高知県,高知市,392014
39202,高知県,室戸市,392022
39203,高知県,安芸市,392031
39204,高知県,南国市,392049
39205,高知県,土佐市,392057
39206,高知県,須崎市,392065
39208,高知県,宿毛市,392081
39209,高知県,土佐清水市,392090
39210,高知県,四万十市,392103
39211,高知県,香南市,392111
39212,高知県,香美市,392120
39301,高知県,東洋町,393011
39302,高知県,奈半利町,393029
39303,高知県,田野町,393037
39304,高知県,安田町,393045
39305,高知県,北川村,393053
39306,高知県,馬路村,393061
39307,高知県,芸西村,393070
39341,高知県,本山町,393410
39344,高知県,大豊町,393444
39363,高知県,土佐町,393631
39364,高知県,大川村,393649
39386,高知県,いの町,393860
39387,高知県,仁淀川町,393878
39401,高知県,中土佐町,394017
39402,高知県,佐川町,394025
39403,高知県,越知町,394033
39405,高知県,梼原町,394050
39410,高知県,日高村,394106
39411,高知県,津野町,394114
39412,高知県,四万十町,394122
39424,高知県,大月町,394246
39427,高知県,三原村,394271
39428,高知県,黒潮町,394289
40000,福岡県,,400009
40100,福岡県,北九州市,401005
40101,福岡県,北九州市門司区,401013
40103,福岡県,北九州市若松区,401030
40105,福岡県,北九州市戸畑区,401056
40106,福岡県,北九州市小倉北区,401064
40107,福岡県,北九州市小倉南区,401072
40108,福岡県,北九州市八幡東区,401081
40109,福岡県,北九州市八幡西区,401099
40130,福岡県,福岡市,401307
40131,福岡県,福岡市東区,401315
40132,福岡県,福岡市博多区,401323
40133,福岡県,福岡市中央区,401331
40134,福岡県,福岡市南区,401340
40135,福岡県,福岡市西区,401358
40136,福岡県,福岡市城南区,401366
40137,福岡県,福岡市早良区,401374
40202,福岡県,大牟田市,402028
40203,福岡県,久留米市,402036
40204,福岡県,直方市,402044
40205,福岡県,飯塚市,402052
40206,福岡県,田川市,402061
40207,福岡県,柳川市,402079
40210,福岡県,八女市,402109
40211,福岡県,筑後市,402117
40212,福岡県,大川市,402125
40213,福岡県,行橋市,402133
40214,福岡県,豊前市,402141
40215,福岡県,中間市,402150
40216,福岡県,小郡市,402168
40217,福岡県,筑紫野市,402176
40218,福岡県,春日市,402184
40219,福岡県,大野城市,402192
40220,福岡県,宗像市,402206
40221,福岡県,太宰府市,402214
40223,福岡県,古賀市,402231
40224,福岡県,福津市,402249
40225,福岡県,うきは市,402257
40226,福岡県,宮若市,402265
40227,福岡県,嘉麻市,402273
40228,福岡県,朝倉市,402281
40229,福岡県,みやま市,402290
40230,福岡県,糸島市,402303
40231,福岡県,那珂川市,402311
40341,福岡県,宇美町,403415
40342,福岡県,篠栗町,403423
40343,福岡県,志免町,403431
40344,福岡県,須恵町,403440
40345,福岡県,新宮町,403458
40348,福岡県,久山町,403482
40349,福岡県,粕屋町,403491
40381,福岡県,芦屋町,403814
40382,福岡県,水巻町,403822
40383,福岡県,岡垣町,403831
40384,福岡県,遠賀町,403849
40401,福岡県,小竹町,404012
40402,福岡県,鞍手町,404021
40421,福岡県,桂川町,404217
40447,福岡県,筑前町,404471
40448,福岡県,東峰村,404489
40503,福岡県,大刀洗町,405035
40522,福岡県,大木町,405221
40544,福岡県,広川町,405442
40601,福岡県,香春町,406015
40602,福岡県,添田町,406023
40604,福岡県,糸田町,406040
40605,福岡県,川崎町,406058
40608,福岡県,大任町,406082
40609,福岡県,赤村,406091
40610,福岡県,福智町,406104
40621,福岡県,苅田町,406210
40625,福岡県,みやこ町,406252
40642,福岡県,吉富町,406422
40646,福岡県,上毛町,406465
40647,福岡県,築上町,406473
41000,佐賀県,,410004
41201,佐賀県,佐賀市,412015
41202,佐賀県,唐津市,412023
41203,佐賀県,鳥栖市,412031
41204,佐賀県,多久市,412040
41205,佐賀県,伊万里市,412058
41206,佐賀県,武雄市,412066
41207,佐賀県,鹿島市,412074
41208,佐賀県,小城市,412082
41209,佐賀県,嬉野市,412091
41210,佐賀県,神埼市,412104
41327,佐賀県,吉野ヶ里町,413275
41341,佐賀県,基山町,413411
41345,佐賀県,上峰町,413453
41346,佐賀県,みやき町,413461
41387,佐賀県,玄海町,413879
41401,佐賀県,有田町,414018
41423,佐賀県,大町町,414239
41424,佐賀県,江北町,414247
41425,佐賀県,白石町,414255
41441,佐賀県,太良町,414417
42000,長崎県,,420000
42201,長崎県,長崎市,422011
42202,長崎県,佐世保市,422029
42203,長崎県,島原市,422037
42204,長崎県,諫早市,422045
42205,長崎県,大村市,422053
42207,長崎県,平戸市,422070
42208,長崎県,松浦市,422088
42209,長崎県,対馬市,422096
42210,長崎県,壱岐市,422100
42211,長崎県,五島市,422118
42212,長崎県,西海市,422126
42213,長崎県,雲仙市,422134
42214,長崎県,南島原市,422142
42307,長崎県,長与町,423076
42308,長崎県,時津町,423084
42321,長崎県,東彼杵町,423211
42322,長崎県,川棚町,423220
42323,長崎県,波佐見町,423238
42383,長崎県,小値賀町,423831
42391,長崎県,佐々町,423912
42411,長崎県,新上五島町,424111
43000,熊本県,,430005
43100,熊本県,熊本市,431001
43101,熊本県,熊本市中央区,431010
43102,熊本県,熊本市東区,431028
43103,熊本県,熊本市西区,431036
43104,熊本県,熊本市南区,431044
43105,熊本県,熊本市北区,431052
43202,熊本県,八代市,432024
43203,熊本県,人吉市,432032
43204,熊本県,荒尾市,432041
43205,熊本県,水俣市,432059
43206,熊本県,玉名市,432067
43208,熊本県,山鹿市,432083
43210,熊本県,菊池市,432105
43211,熊本県,宇土市,432113
43212,熊本県,上天草市,432121
43213,熊本県,宇城市,432130
43214,熊本県,阿蘇市,432148
43215,熊本県,天草市,432156
43216,熊本県,合志市,432164
43348,熊本県,美里町,433489
43364,熊本県,玉東町,433641
43367,熊本県,南関町,433675
43368,熊本県,長洲町,433683
43369,熊本県,和水町,433691
43403,熊本県,大津町,434035
43404,熊本県,菊陽町,434043
43423,熊本県,南小国町,434230
43424,熊本県,小国町,434248
43425,熊本県,産山村,434256
43428,熊本県,高森町,434281
43432,熊本県,西原村,434329
43433,熊本県,南阿蘇村,434337
43441,熊本県,御船町,434418
43442,熊本県,嘉島町,434426
43443,熊本県,益城町,434434
43444,熊本県,甲佐町,434442
43447,熊本県,山都町,434477
43468,熊本県,氷川町,434680
43482,熊本県,芦北町,434825
43484,熊本県,津奈木町,434841
43501,熊本県,錦町,435015
43505,熊本県,多良木町,435058
43506,熊本県,湯前町,435066
43507,熊本県,水上村,435074
43510,熊本県,相良村,435104
43511,熊本県,五木村,435112
43512,熊本県,山江村,435121
43513,熊本県,球磨村,435139
43514,熊本県,あさぎり町,435147
43531,熊本県,苓北町,435317
44000,大分県,,440001
44201,大分県,大分市,442011
44202,大分県,別府市,442020
44203,大分県,中津市,442038
44204,大分県,日田市,442046
44205,大分県,佐伯市,442054
44206,大分県,臼杵市,442062
44207,大分県,津久見市,442071
44208,大分県,竹田市,442089
44209,大分県,豊後高田市,442097
44210,大分県,杵築市,442101
44211,大分県,宇佐市,442119
44212,大分県,豊後大野市,442127
44213,大分県,由布市,442135
44214,大分県,国東市,442143
44322,大分県,姫島村,443221
44341,大分県,日出町,443417
44461,大分県,九重町,444618
44462,大分県,玖珠町,444626
45000,宮崎県,,450006
45201,宮崎県,宮崎市,452017
45202,宮崎県,都城市,452025
45203,宮崎県,延岡市,452033
45204,宮崎県,日南市,452041
45205,宮崎県,小林市,452050
45206,宮崎県,日向市,452068
45207,宮崎県,串間市,452076
45208,宮崎県,西都市,452084
45209,宮崎県,えびの市,452092
45341,宮崎県,三股町,453412
45361,宮崎県,高原町,453617
45382,宮崎県,国富町,453820
45383,宮崎県,綾町,453838
45401,宮崎県,高鍋町,454010
45402,宮崎県,新富町,454028
45403,宮崎県,西米良村,454036
45404,宮崎県,木城町,454044
45405,宮崎県,川南町,454052
45406,宮崎県,都農町,454061
45421,宮崎県,門川町,454214
45429,宮崎県,諸塚村,454290
45430,宮崎県,椎葉村,454303
45431,宮崎県,美郷町,454311
45441,宮崎県,高千穂町,454419
45442,宮崎県,日之影町,454427
45443,宮崎県,五ヶ瀬町,454435
46000,鹿児島県,,460001
46201,鹿児島県,鹿児島市,462012
46203,鹿児島県,鹿屋市,462039
46204,鹿児島県,枕崎市,462047
46206,鹿児島県,阿久根市,462063
46208,鹿児島県,出水市,462080
46210,鹿児島県,指宿市,462101
46213,鹿児島県,西之表市,462136
46214,鹿児島県,垂水市,462144
46215,鹿児島県,薩摩川内市,462152
46216,鹿児島県,日置市,462161
46217,鹿児島県,曽於市,462179
46218,鹿児島県,霧島市,462187
46219,鹿児島県,いちき串木野市,462195
46220,鹿児島県,南さつま市,462209
46221,鹿児島県,志布志市,462217
46222,鹿児島県,奄美市,462225
46223,鹿児島県,南九州市,462233
46224,鹿児島県,伊佐市,462241
46225,鹿児島県,姶良市,462250
46303,鹿児島県,三島村,463035
46304,鹿児島県,十島村,463043
46392,鹿児島県,さつま町,463922
46404,鹿児島県,長島町,464040
46452,鹿児島県,湧水町,464520
46468,鹿児島県,大崎町,464686
46482,鹿児島県,東串良町,464821
46490,鹿児島県,錦江町,464902
46491,鹿児島県,南大隅町,464911
46492,鹿児島県,肝付町,464929
46501,鹿児島県,中種子町,465011
46502,鹿児島県,南種子町,465020
46505,鹿児島県,屋久島町,465054
46523,鹿児島県,大和村,465232
46524,鹿児島県,宇検村,465241
46525,鹿児島県,瀬戸内町,465259
46527,鹿児島県,龍郷町,465275
46529,鹿児島県,喜界町,465291
46530,鹿児島県,徳之島町,465305
46531,鹿児島県,天城町,465313
46532,鹿児島県,伊仙町,465321
46533,鹿児島県,和泊町,465330
46534,鹿児島県,知名町,465348
46535,鹿児島県,与論町,465356
47000,沖縄県,,470007
47201,沖縄県,那覇市,472018
47205,沖縄県,宜野湾市,472051
47207,沖縄県,石垣市,472077
47208,沖縄県,浦添市,472085
47209,沖縄県,名護市,472093
47210,沖縄県,糸満市,472107
47211,沖縄県,沖縄市,472115
47212,沖縄県,豊見城市,472123
47213,沖縄県,うるま市,472131
47214,沖縄県,宮古島市,472140
47215,沖縄県,南城市,472158
47301,沖縄県,国頭村,473014
47302,沖縄県,大宜味村,473022
47303,沖縄県,東村,473031
47306,沖縄県,今帰仁村,473065
47308,沖縄県,本部町,473081
47311,沖縄県,恩納村,473111
47313,沖縄県,宜野座村,473138
47314,沖縄県,金武町,473146
47315,沖縄県,伊江村,473154
47324,沖縄県,読谷村,473243
47325,沖縄県,嘉手納町,473251
47326,沖縄県,北谷町,473260
47327,沖縄県,北中城村,473278
47328,沖縄県,中城村,473286
47329,沖縄県,西原町,473294
47348,沖縄県,与那原町,473481
47350,沖縄県,南風原町,473502
47353,沖縄県,渡嘉敷村,473537
47354,沖縄県,座間味村,473545
47355,沖縄県,粟国村,473553
47356,沖縄県,渡名喜村,473561
47357,沖縄県,南大東村,473570
47358,沖縄県,北大東村,473588
47359,沖縄県,伊平屋村,473596
47360,沖縄県,伊是名村,473600
47361,沖縄県,久米島町,473618
47362,沖縄県,八重瀬町,473626
47375,沖縄県,多良間村,473758
47381,沖縄県,竹富町,473812
47382,沖縄県,与那国町,473821
